	0	1	2	3	4	5	6	7
A	0.890	0.806	0.339	0.174	0.299	0.111	0.341	0.526
C	0.017	0.038	0.339	0.574	0.191	0.263	0.136	0.157
G	0.015	0.133	0.033	0.194	0.244	0.134	0.138	0.128
T	0.078	0.024	0.289	0.058	0.266	0.491	0.384	0.189
	0	1	2	3	4	5	6	7
A	0.065	0.815	0.190	0.097	0.249	0.280	0.303	0.324
C	0.085	0.008	0.366	0.423	0.253	0.238	0.250	0.333
G	0.545	0.172	0.332	0.467	0.099	0.162	0.165	0.184
T	0.304	0.004	0.112	0.013	0.399	0.320	0.282	0.159
	0	1	2	3	4	5	6	7
A	0.331	0.199	0.019	0.147	0.419	0.308	0.475	0.039
C	0.048	0.502	0.315	0.147	0.323	0.135	0.184	0.556
G	0.486	0.265	0.015	0.294	0.093	0.481	0.247	0.328
T	0.135	0.035	0.651	0.412	0.165	0.076	0.094	0.077
	0	1	2	3	4	5	6	7
A	0.579	0.583	0.467	0.841	0.959	0.977	0.891	0.349
C	0.115	0.176	0.232	0.018	0.006	0.009	0.004	0.103
G	0.267	0.083	0.190	0.116	0.020	0.002	0.101	0.032
T	0.040	0.158	0.111	0.026	0.015	0.012	0.005	0.516
	0	1	2	3	4	5	6	7
A	0.226	0.669	0.147	0.204	0.138	0.056	0.079	0.219
C	0.263	0.149	0.211	0.312	0.210	0.596	0.170	0.333
G	0.079	0.028	0.374	0.318	0.526	0.328	0.078	0.091
T	0.432	0.154	0.267	0.165	0.126	0.019	0.673	0.356
	0	1	2	3	4	5	6	7
A	0.632	0.486	0.038	0.003	0.071	0.082	0.072	0.382
C	0.160	0.187	0.083	0.203	0.147	0.080	0.396	0.151
G	0.085	0.142	0.012	0.029	0.211	0.486	0.242	0.380
T	0.123	0.184	0.866	0.765	0.571	0.352	0.291	0.087
	0	1	2	3	4	5	6	7
A	0.852	0.617	0.167	0.019	0.093	0.205	0.231	0.398
C	0.081	0.216	0.127	0.084	0.049	0.256	0.382	0.155
G	0.039	0.052	0.003	0.014	0.017	0.066	0.070	0.099
T	0.028	0.114	0.703	0.883	0.841	0.473	0.318	0.348
	0	1	2	3	4	5	6	7
A	0.022	0.013	0.059	0.170	0.368	0.296	0.187	0.278
C	0.008	0.416	0.277	0.234	0.208	0.155	0.214	0.269
G	0.008	0.017	0.039	0.276	0.189	0.155	0.239	0.269
T	0.962	0.555	0.625	0.321	0.235	0.394	0.360	0.184
	0	1	2	3	4	5	6	7
A	0.366	0.111	0.112	0.087	0.226	0.123	0.494	0.349
C	0.193	0.051	0.199	0.306	0.094	0.275	0.089	0.198
G	0.262	0.817	0.020	0.595	0.135	0.156	0.246	0.111
T	0.179	0.021	0.668	0.012	0.544	0.446	0.171	0.342
	0	1	2	3	4	5	6	7
A	0.547	0.594	0.017	0.687	0.169	0.307	0.277	0.301
C	0.104	0.145	0.195	0.006	0.248	0.299	0.274	0.246
G	0.245	0.257	0.101	0.300	0.165	0.225	0.233	0.218
T	0.104	0.003	0.686	0.006	0.418	0.169	0.215	0.235
	0	1	2	3	4	5	6	7
A	0.705	0.748	0.578	0.153	0.271	0.315	0.297	0.300
C	0.009	0.012	0.073	0.125	0.254	0.230	0.176	0.175
G	0.242	0.224	0.099	0.003	0.231	0.185	0.249	0.236
T	0.044	0.016	0.251	0.719	0.245	0.270	0.279	0.289
	0	1	2	3	4	5	6	7
A	0.277	0.152	0.027	0.057	0.347	0.106	0.247	0.364
C	0.085	0.036	0.032	0.029	0.135	0.407	0.314	0.229
G	0.252	0.066	0.010	0.011	0.048	0.190	0.290	0.387
T	0.385	0.746	0.932	0.903	0.469	0.297	0.150	0.020
	0	1	2	3	4	5	6	7
A	0.150	0.065	0.084	0.522	0.017	0.362	0.303	0.338
C	0.473	0.712	0.380	0.022	0.306	0.104	0.210	0.197
G	0.111	0.124	0.003	0.445	0.533	0.441	0.274	0.262
T	0.267	0.100	0.533	0.010	0.144	0.093	0.212	0.203
	0	1	2	3	4	5	6	7
A	0.513	0.899	0.945	0.883	0.414	0.169	0.039	0.152
C	0.297	0.017	0.002	0.019	0.008	0.134	0.131	0.195
G	0.089	0.015	0.014	0.008	0.016	0.017	0.096	0.138
T	0.101	0.069	0.040	0.090	0.562	0.680	0.734	0.515
	0	1	2	3	4	5	6	7
A	0.636	0.586	0.471	0.212	0.355	0.235	0.134	0.144
C	0.016	0.017	0.123	0.148	0.248	0.151	0.374	0.402
G	0.078	0.113	0.125	0.099	0.205	0.487	0.174	0.375
T	0.270	0.284	0.281	0.541	0.192	0.127	0.318	0.079
	0	1	2	3	4	5	6	7
A	0.068	0.532	0.262	0.113	0.032	0.221	0.456	0.166
C	0.511	0.081	0.301	0.078	0.309	0.079	0.409	0.354
G	0.399	0.282	0.260	0.119	0.060	0.626	0.048	0.320
T	0.023	0.105	0.177	0.691	0.598	0.073	0.087	0.160
	0	1	2	3	4	5	6	7
A	0.193	0.100	0.344	0.110	0.027	0.177	0.274	0.183
C	0.344	0.577	0.382	0.043	0.433	0.032	0.379	0.211
G	0.154	0.123	0.151	0.021	0.005	0.670	0.067	0.147
T	0.309	0.199	0.123	0.826	0.534	0.121	0.279	0.458
	0	1	2	3	4	5	6	7
A	0.912	0.407	0.816	0.348	0.166	0.238	0.259	0.406
C	0.006	0.089	0.063	0.195	0.304	0.455	0.262	0.158
G	0.015	0.397	0.063	0.142	0.263	0.124	0.166	0.158
T	0.067	0.107	0.058	0.316	0.267	0.183	0.313	0.278
	0	1	2	3	4	5	6	7
A	0.461	0.623	0.006	0.171	0.436	0.404	0.235	0.255
C	0.011	0.173	0.424	0.395	0.109	0.154	0.205	0.212
G	0.517	0.041	0.402	0.304	0.319	0.228	0.188	0.290
T	0.011	0.162	0.168	0.130	0.136	0.214	0.372	0.243
	0	1	2	3	4	5	6	7
A	0.249	0.287	0.359	0.517	0.471	0.473	0.191	0.074
C	0.240	0.248	0.193	0.129	0.101	0.030	0.114	0.168
G	0.211	0.211	0.188	0.172	0.166	0.059	0.094	0.022
T	0.299	0.255	0.259	0.182	0.262	0.438	0.600	0.736
	0	1	2	3	4	5	6	7
A	0.647	0.315	0.064	0.025	0.148	0.549	0.344	0.077
C	0.244	0.080	0.372	0.587	0.221	0.064	0.151	0.588
G	0.007	0.211	0.156	0.299	0.584	0.153	0.041	0.167
T	0.102	0.394	0.409	0.089	0.047	0.234	0.464	0.169
	0	1	2	3	4	5	6	7
A	0.604	0.443	0.429	0.009	0.094	0.355	0.385	0.452
C	0.078	0.203	0.074	0.369	0.138	0.310	0.268	0.116
G	0.131	0.167	0.456	0.408	0.051	0.267	0.134	0.099
T	0.186	0.187	0.040	0.214	0.718	0.068	0.212	0.332
	0	1	2	3	4	5	6	7
A	0.231	0.230	0.091	0.676	0.221	0.055	0.015	0.069
C	0.213	0.287	0.313	0.096	0.181	0.082	0.038	0.124
G	0.235	0.244	0.171	0.216	0.164	0.175	0.013	0.062
T	0.321	0.239	0.425	0.011	0.433	0.688	0.933	0.745
	0	1	2	3	4	5	6	7
A	0.017	0.031	0.023	0.821	0.291	0.274	0.400	0.097
C	0.119	0.472	0.030	0.059	0.065	0.345	0.301	0.375
G	0.091	0.170	0.013	0.067	0.550	0.153	0.181	0.106
T	0.773	0.326	0.934	0.053	0.095	0.228	0.117	0.422
	0	1	2	3	4	5	6	7
A	0.006	0.008	0.105	0.236	0.281	0.270	0.370	0.257
C	0.493	0.437	0.456	0.394	0.142	0.193	0.184	0.191
G	0.496	0.032	0.286	0.067	0.199	0.186	0.158	0.340
T	0.005	0.523	0.154	0.304	0.378	0.351	0.288	0.211
	0	1	2	3	4	5	6	7
A	0.308	0.317	0.397	0.511	0.627	0.917	0.777	0.287
C	0.212	0.214	0.203	0.130	0.006	0.005	0.033	0.171
G	0.187	0.168	0.159	0.235	0.204	0.022	0.049	0.038
T	0.293	0.301	0.240	0.124	0.163	0.056	0.141	0.504
	0	1	2	3	4	5	6	7
A	0.201	0.535	0.123	0.064	0.070	0.168	0.007	0.536
C	0.381	0.077	0.166	0.032	0.180	0.052	0.250	0.062
G	0.393	0.115	0.242	0.032	0.043	0.137	0.314	0.300
T	0.025	0.273	0.469	0.871	0.707	0.644	0.429	0.101
	0	1	2	3	4	5	6	7
A	0.001	0.001	0.000	0.002	0.000	0.000	0.000	0.101
C	0.000	0.999	0.000	0.997	0.000	0.000	0.999	0.321
G	0.999	0.000	0.000	0.000	0.001	0.000	0.000	0.079
T	0.000	0.000	1.000	0.001	0.998	1.000	0.000	0.499
	0	1	2	3	4	5	6	7
A	0.189	0.093	0.199	0.063	0.139	0.097	0.018	0.514
C	0.157	0.513	0.029	0.241	0.324	0.361	0.099	0.060
G	0.306	0.206	0.292	0.093	0.172	0.123	0.541	0.362
T	0.348	0.188	0.480	0.602	0.365	0.419	0.343	0.063
	0	1	2	3	4	5	6	7
A	0.706	0.016	0.582	0.382	0.214	0.292	0.420	0.293
C	0.063	0.345	0.018	0.199	0.423	0.335	0.029	0.082
G	0.034	0.621	0.010	0.005	0.338	0.315	0.370	0.101
T	0.197	0.018	0.390	0.413	0.025	0.058	0.181	0.524
	0	1	2	3	4	5	6	7
A	0.007	0.629	0.380	0.296	0.370	0.320	0.171	0.277
C	0.930	0.008	0.065	0.257	0.070	0.070	0.247	0.203
G	0.016	0.207	0.008	0.216	0.200	0.211	0.172	0.205
T	0.046	0.156	0.547	0.230	0.360	0.399	0.410	0.315
	0	1	2	3	4	5	6	7
A	0.125	0.021	0.047	0.231	0.054	0.030	0.412	0.217
C	0.053	0.509	0.434	0.045	0.253	0.917	0.375	0.137
G	0.323	0.211	0.423	0.466	0.226	0.044	0.027	0.126
T	0.499	0.260	0.096	0.259	0.467	0.009	0.187	0.521
	0	1	2	3	4	5	6	7
A	0.465	0.455	0.315	0.128	0.314	0.296	0.482	0.096
C	0.036	0.049	0.189	0.177	0.144	0.176	0.116	0.265
G	0.113	0.055	0.050	0.136	0.147	0.205	0.385	0.243
T	0.386	0.441	0.446	0.559	0.395	0.322	0.016	0.396
	0	1	2	3	4	5	6	7
A	0.189	0.437	0.154	0.091	0.324	0.180	0.158	0.201
C	0.354	0.065	0.031	0.297	0.018	0.277	0.167	0.098
G	0.353	0.208	0.346	0.603	0.026	0.043	0.432	0.579
T	0.103	0.291	0.469	0.009	0.633	0.500	0.243	0.122
	0	1	2	3	4	5	6	7
A	0.058	0.148	0.058	0.015	0.409	0.772	0.010	0.153
C	0.527	0.034	0.523	0.120	0.106	0.033	0.634	0.125
G	0.303	0.299	0.009	0.752	0.383	0.096	0.267	0.098
T	0.112	0.518	0.410	0.112	0.102	0.100	0.089	0.623
	0	1	2	3	4	5	6	7
A	0.348	0.206	0.019	0.407	0.467	0.477	0.476	0.535
C	0.083	0.229	0.304	0.264	0.159	0.101	0.064	0.054
G	0.421	0.274	0.484	0.142	0.191	0.204	0.162	0.002
T	0.148	0.290	0.193	0.187	0.183	0.217	0.298	0.409
	0	1	2	3	4	5	6	7
A	0.231	0.062	0.239	0.513	0.019	0.295	0.480	0.479
C	0.136	0.075	0.726	0.085	0.067	0.294	0.095	0.177
G	0.331	0.859	0.009	0.014	0.562	0.150	0.057	0.182
T	0.302	0.003	0.026	0.388	0.351	0.261	0.368	0.162
	0	1	2	3	4	5	6	7
A	0.541	0.304	0.176	0.083	0.203	0.018	0.313	0.277
C	0.084	0.132	0.574	0.565	0.739	0.411	0.358	0.301
G	0.121	0.332	0.191	0.152	0.031	0.032	0.061	0.157
T	0.255	0.232	0.060	0.200	0.027	0.538	0.268	0.266
	0	1	2	3	4	5	6	7
A	0.136	0.010	0.057	0.180	0.269	0.154	0.220	0.312
C	0.008	0.006	0.017	0.132	0.191	0.161	0.111	0.134
G	0.030	0.003	0.006	0.029	0.147	0.230	0.184	0.185
T	0.826	0.982	0.920	0.659	0.393	0.455	0.486	0.369
	0	1	2	3	4	5	6	7
A	0.516	0.501	0.577	0.248	0.017	0.337	0.053	0.426
C	0.136	0.413	0.156	0.036	0.217	0.396	0.444	0.017
G	0.081	0.055	0.222	0.072	0.032	0.151	0.061	0.498
T	0.268	0.031	0.046	0.644	0.734	0.117	0.442	0.059
	0	1	2	3	4	5	6	7
A	0.134	0.316	0.041	0.024	0.207	0.193	0.101	0.364
C	0.186	0.059	0.746	0.144	0.217	0.312	0.522	0.147
G	0.601	0.495	0.123	0.261	0.152	0.146	0.305	0.234
T	0.079	0.130	0.090	0.571	0.425	0.350	0.071	0.255
	0	1	2	3	4	5	6	7
A	0.358	0.230	0.204	0.145	0.138	0.067	0.626	0.208
C	0.159	0.351	0.413	0.016	0.614	0.468	0.101	0.143
G	0.354	0.110	0.074	0.379	0.031	0.070	0.219	0.604
T	0.129	0.309	0.309	0.460	0.217	0.395	0.053	0.045
	0	1	2	3	4	5	6	7
A	0.428	0.329	0.118	0.226	0.120	0.079	0.151	0.362
C	0.096	0.318	0.266	0.020	0.475	0.339	0.464	0.216
G	0.424	0.017	0.267	0.736	0.271	0.066	0.223	0.111
T	0.053	0.336	0.349	0.018	0.134	0.516	0.162	0.312
	0	1	2	3	4	5	6	7
A	0.484	0.413	0.185	0.187	0.212	0.311	0.135	0.387
C	0.034	0.013	0.159	0.250	0.263	0.180	0.340	0.206
G	0.153	0.043	0.031	0.110	0.202	0.302	0.036	0.144
T	0.329	0.531	0.625	0.452	0.323	0.207	0.489	0.263
	0	1	2	3	4	5	6	7
A	0.442	0.362	0.003	0.115	0.132	0.357	0.332	0.096
C	0.063	0.132	0.341	0.269	0.287	0.314	0.076	0.357
G	0.318	0.321	0.620	0.134	0.196	0.322	0.219	0.188
T	0.176	0.185	0.036	0.482	0.385	0.007	0.373	0.359
	0	1	2	3	4	5	6	7
A	0.119	0.018	0.150	0.291	0.299	0.455	0.101	0.285
C	0.032	0.079	0.062	0.045	0.028	0.115	0.304	0.397
G	0.720	0.242	0.029	0.143	0.242	0.171	0.557	0.040
T	0.129	0.661	0.759	0.521	0.431	0.259	0.038	0.279
	0	1	2	3	4	5	6	7
A	0.105	0.421	0.250	0.092	0.366	0.063	0.147	0.465
C	0.070	0.203	0.423	0.008	0.487	0.105	0.007	0.069
G	0.536	0.287	0.112	0.604	0.023	0.572	0.815	0.013
T	0.289	0.089	0.215	0.295	0.124	0.260	0.031	0.453
	0	1	2	3	4	5	6	7
A	0.137	0.013	0.057	0.898	0.428	0.103	0.156	0.301
C	0.278	0.138	0.156	0.038	0.022	0.619	0.049	0.255
G	0.189	0.506	0.708	0.004	0.159	0.135	0.697	0.125
T	0.396	0.343	0.078	0.059	0.391	0.143	0.097	0.318
	0	1	2	3	4	5	6	7
A	0.332	0.035	0.755	0.256	0.085	0.431	0.362	0.337
C	0.054	0.564	0.040	0.363	0.283	0.281	0.192	0.199
G	0.356	0.273	0.055	0.005	0.507	0.245	0.099	0.093
T	0.258	0.128	0.150	0.377	0.125	0.042	0.347	0.371
	0	1	2	3	4	5	6	7
A	0.018	0.057	0.586	0.580	0.093	0.258	0.364	0.307
C	0.171	0.085	0.216	0.149	0.190	0.278	0.474	0.211
G	0.799	0.505	0.047	0.220	0.127	0.359	0.091	0.172
T	0.013	0.353	0.152	0.052	0.590	0.105	0.071	0.309
	0	1	2	3	4	5	6	7
A	0.687	0.042	0.908	0.246	0.248	0.155	0.540	0.192
C	0.034	0.038	0.008	0.017	0.242	0.184	0.144	0.348
G	0.270	0.874	0.038	0.274	0.006	0.264	0.084	0.086
T	0.009	0.046	0.046	0.462	0.505	0.397	0.232	0.374
	0	1	2	3	4	5	6	7
A	0.402	0.266	0.296	0.018	0.764	0.204	0.028	0.829
C	0.119	0.386	0.237	0.529	0.046	0.198	0.600	0.006
G	0.229	0.336	0.310	0.166	0.098	0.103	0.249	0.160
T	0.250	0.011	0.157	0.286	0.092	0.495	0.123	0.004
	0	1	2	3	4	5	6	7
A	0.308	0.643	0.085	0.811	0.017	0.004	0.391	0.334
C	0.311	0.117	0.466	0.027	0.054	0.657	0.352	0.090
G	0.255	0.113	0.152	0.029	0.903	0.153	0.121	0.110
T	0.126	0.127	0.297	0.133	0.025	0.187	0.136	0.467
	0	1	2	3	4	5	6	7
A	0.077	0.089	0.358	0.051	0.451	0.223	0.076	0.627
C	0.784	0.314	0.534	0.057	0.226	0.295	0.489	0.051
G	0.064	0.592	0.050	0.806	0.040	0.134	0.196	0.284
T	0.075	0.005	0.057	0.085	0.283	0.348	0.240	0.037
	0	1	2	3	4	5	6	7
A	0.332	0.395	0.085	0.569	0.475	0.042	0.086	0.021
C	0.180	0.142	0.139	0.172	0.332	0.364	0.009	0.132
G	0.196	0.290	0.524	0.160	0.130	0.516	0.855	0.290
T	0.292	0.173	0.252	0.099	0.063	0.079	0.050	0.558
	0	1	2	3	4	5	6	7
A	0.329	0.070	0.344	0.246	0.123	0.162	0.072	0.108
C	0.156	0.291	0.280	0.104	0.088	0.198	0.104	0.215
G	0.134	0.342	0.335	0.194	0.031	0.044	0.021	0.034
T	0.382	0.297	0.041	0.456	0.758	0.595	0.803	0.643
	0	1	2	3	4	5	6	7
A	0.380	0.227	0.005	0.616	0.332	0.459	0.527	0.208
C	0.125	0.189	0.163	0.165	0.298	0.075	0.127	0.490
G	0.245	0.039	0.809	0.104	0.004	0.144	0.003	0.042
T	0.250	0.545	0.023	0.115	0.367	0.323	0.343	0.260
	0	1	2	3	4	5	6	7
A	0.170	0.438	0.130	0.404	0.028	0.539	0.046	0.014
C	0.251	0.218	0.298	0.151	0.396	0.067	0.744	0.123
G	0.229	0.112	0.388	0.417	0.291	0.275	0.192	0.081
T	0.350	0.232	0.184	0.027	0.285	0.119	0.018	0.782
	0	1	2	3	4	5	6	7
A	0.304	0.438	0.254	0.335	0.168	0.227	0.071	0.161
C	0.188	0.100	0.319	0.194	0.401	0.280	0.333	0.124
G	0.281	0.454	0.092	0.461	0.114	0.206	0.127	0.138
T	0.227	0.008	0.334	0.009	0.318	0.287	0.470	0.577
	0	1	2	3	4	5	6	7
A	0.324	0.157	0.974	0.113	0.438	0.097	0.577	0.160
C	0.161	0.331	0.005	0.367	0.106	0.333	0.082	0.440
G	0.230	0.229	0.010	0.314	0.009	0.514	0.247	0.139
T	0.285	0.282	0.012	0.207	0.446	0.056	0.094	0.261
	0	1	2	3	4	5	6	7
A	0.088	0.126	0.146	0.261	0.466	0.628	0.506	0.295
C	0.556	0.228	0.462	0.127	0.171	0.216	0.070	0.147
G	0.308	0.085	0.079	0.204	0.166	0.147	0.280	0.303
T	0.049	0.561	0.313	0.408	0.198	0.008	0.144	0.255
	0	1	2	3	4	5	6	7
A	0.500	0.419	0.666	0.754	0.675	0.007	0.235	0.313
C	0.177	0.076	0.007	0.023	0.032	0.148	0.128	0.191
G	0.147	0.154	0.007	0.007	0.208	0.121	0.233	0.265
T	0.177	0.351	0.320	0.216	0.085	0.724	0.404	0.230
	0	1	2	3	4	5	6	7
A	0.822	0.713	0.498	0.442	0.213	0.280	0.264	0.035
C	0.007	0.121	0.245	0.322	0.269	0.257	0.138	0.357
G	0.044	0.104	0.011	0.219	0.217	0.204	0.375	0.278
T	0.127	0.061	0.246	0.017	0.301	0.259	0.222	0.329
	0	1	2	3	4	5	6	7
A	0.076	0.446	0.027	0.465	0.365	0.266	0.274	0.129
C	0.526	0.019	0.277	0.056	0.149	0.283	0.357	0.401
G	0.179	0.203	0.610	0.363	0.426	0.354	0.188	0.234
T	0.219	0.332	0.086	0.116	0.060	0.097	0.181	0.236
